,선수,연도,팀,연봉(만원),WAR
0,김상진,1997,OB,9800,3.34
1,김상호,1997,OB,9800,3.929
2,권명철,1997,OB,6200,0.934
3,김종석,1997,OB,6200,-0.066
4,김민호,1997,OB,6200,2.904
5,진필중,1997,OB,5800,1.886
6,심정수,1997,OB,5500,0.827
7,김태형,1997,OB,5400,0.539
8,안경현,1997,OB,5200,2.072
9,김경원,1997,OB,5200,3.855
10,강길용,1997,OB,5000,0.481
11,강병규,1997,OB,5000,1.958
12,정수근,1997,OB,4600,2.452
13,이광우,1997,OB,4400,2.128
14,장원진,1997,OB,4200,0.713
15,이용호,1997,OB,4000,-0.296
16,신동수,1997,OB,4000,
17,박명환,1997,OB,4000,2.972
18,이도형,1997,OB,3600,0.597
19,한태균,1997,OB,3200,0.207
20,전형도,1997,OB,3000,-0.055
21,유택현,1997,OB,2800,
22,박상근,1997,OB,2700,
23,추성건,1997,OB,2600,
24,이종민,1997,OB,2500,1.644
25,홍길남,1997,OB,2400,-0.06
26,최기문,1997,OB,2300,0.182
27,한명윤,1997,OB,2300,0.102
28,소상영,1997,OB,2200,0.015
29,김유봉,1997,OB,2200,
30,김영수,1997,OB,2000,0.195
31,문희성,1997,OB,2000,0.84
32,김환조,1997,OB,2000,0.251
33,김도균,1997,OB,2000,-0.025
34,진갑용,1997,OB,2000,1.226
35,김도형,1997,OB,2000,0.172
36,이경필,1997,OB,2000,2.469
37,김성환,1997,OB,2000,
38,강규철,1997,OB,2000,-0.328
39,김정규,1997,OB,1900,-0.071
40,강신창,1997,OB,1800,0.029
41,최용호,1997,OB,1700,-0.007
42,김봉수,1997,OB,1300,
0,김상진,1998,OB,9800,2.195
1,김상호,1998,OB,9800,0.306
2,김민호,1998,OB,7200,0.471
3,김경원,1998,OB,6700,1.336
4,권명철,1998,OB,6200,-0.333
5,진필중,1998,OB,6000,6.064
6,강병규,1998,OB,6000,2.576
7,강길용,1998,OB,5500,-0.254
8,안경현,1998,OB,5200,1.349
9,김종석,1998,OB,5200,
10,심정수,1998,OB,5100,4.137
11,김태형,1998,OB,5100,-0.291
12,박명환,1998,OB,5000,4.367
13,장원진,1998,OB,5000,-0.429
14,이광우,1998,OB,5000,0.889
15,정수근,1998,OB,4600,4.198
16,이종민,1998,OB,3800,-0.532
17,이도형,1998,OB,3600,
18,이용호,1998,OB,3400,
19,유택현,1998,OB,3300,
20,이경필,1998,OB,3200,3.359
21,진갑용,1998,OB,3200,1.217
22,한태균,1998,OB,3000,0.493
23,신동수,1998,OB,3000,-0.19
24,최기문,1998,OB,2900,-0.124
25,전형도,1998,OB,2800,0.084
26,추성건,1998,OB,2500,-0.409
27,김영수,1998,OB,2500,-0.065
28,박상근,1998,OB,2500,
29,홍길남,1998,OB,2200,
30,한명윤,1998,OB,2200,0.062
31,김정규,1998,OB,2100,-0.023
32,김유봉,1998,OB,2100,
33,소상영,1998,OB,2100,
34,문희성,1998,OB,2000,
35,최용호,1998,OB,1900,1.157
36,김환조,1998,OB,1850,
37,강규철,1998,OB,1800,-0.093
38,김도형,1998,OB,1800,
39,김도균,1998,OB,1800,
40,김성환,1998,OB,1800,
41,강신창,1998,OB,1650,-0.047
42,이경원,1998,OB,1300,-0.133
43,김봉수,1998,OB,1300,
0,진필중,1999,두산,8000,6.533
1,정수근,1999,두산,7600,5.553
2,심정수,1999,두산,7000,5.639
3,김실,1999,두산,7000,-0.023
4,강병규,1999,두산,6900,1.895
5,김민호,1999,두산,6900,2.152
6,박명환,1999,두산,6800,0.482
7,김경원,1999,두산,6500,
8,최훈재,1999,두산,6200,1.074
9,안경현,1999,두산,5700,0.369
10,이광우,1999,두산,5500,1.155
11,김태형,1999,두산,5100,-0.148
12,이경필,1999,두산,4800,4.743
13,장원진,1999,두산,4700,1.553
14,강길용,1999,두산,4500,-0.464
15,김종석,1999,두산,4200,0.063
16,김동주,1999,두산,4000,4.936
17,진갑용,1999,두산,4000,
18,이종민,1999,두산,3600,-0.339
19,한태균,1999,두산,3000,0.094
20,차명주,1999,두산,3000,1.563
21,전형도,1999,두산,2800,-0.088
22,추성건,1999,두산,2800,0.018
23,최용호,1999,두산,2800,2.511
24,이재만,1999,두산,2500,-0.059
25,이혜천,1999,두산,2300,1.769
26,김영수,1999,두산,2000,-0.212
27,김정규,1999,두산,2000,0.0
28,김유봉,1999,두산,2000,-0.048
29,한명윤,1999,두산,2000,
30,강혁,1999,두산,2000,-0.131
31,강규철,1999,두산,1900,-0.024
32,함석원,1999,두산,1900,
33,김성환,1999,두산,1800,
34,김도균,1999,두산,1800,
35,조은진,1999,두산,1800,
36,송원국,1999,두산,1800,
37,이경수,1999,두산,1800,-0.149
38,윤상무,1999,두산,1800,0.0
39,김윤일,1999,두산,1700,0.0
40,오세학,1999,두산,1500,
41,김봉수,1999,두산,1500,
42,유병목,1999,두산,1300,
0,진필중,2000,두산,13000,4.144
1,정수근,2000,두산,10500,2.78
2,심정수,2000,두산,10000,5.314
3,김민호,2000,두산,9000,0.785
4,최훈재,2000,두산,7400,-0.583
5,김실,2000,두산,6700,0.126
6,이경필,2000,두산,6500,
7,이광우,2000,두산,6500,3.099
8,장원진,2000,두산,6400,3.486
9,안경현,2000,두산,6300,2.075
10,김동주,2000,두산,6200,7.278
11,박명환,2000,두산,5600,0.311
12,조계현,2000,두산,5400,2.14
13,김태형,2000,두산,5100,-0.235
14,차명주,2000,두산,4500,0.027
15,김종석,2000,두산,4200,
16,최용호,2000,두산,4100,1.54
17,이혜천,2000,두산,4000,1.059
18,홍성흔,2000,두산,4000,2.963
19,이상훈,2000,두산,3800,0.737
20,이도형,2000,두산,3600,0.582
21,홍원기,2000,두산,3600,1.325
22,이용호,2000,두산,3400,-0.111
23,이종민,2000,두산,3400,-0.042
24,전형도,2000,두산,3100,-0.011
25,장성진,2000,두산,3000,0.961
26,한태균,2000,두산,2800,1.851
27,김유봉,2000,두산,2600,1.475
28,문희성,2000,두산,2500,0.264
29,전상열,2000,두산,2500,
30,구자운,2000,두산,2300,4.481
31,강혁,2000,두산,2000,0.175
32,김영수,2000,두산,2000,
33,강규철,2000,두산,1900,-0.024
34,한명윤,2000,두산,1900,
35,이경수,2000,두산,1900,
36,김성환,2000,두산,1800,
37,윤상무,2000,두산,1800,-0.096
38,송원국,2000,두산,1800,
39,박종윤,2000,두산,1800,
40,이승준,2000,두산,1800,
41,김윤일,2000,두산,1700,
42,김경진,2000,두산,1500,
43,이용훈,2000,두산,1500,
44,김성균,2000,두산,1500,
45,오세학,2000,두산,1500,
46,함석원,2000,두산,1500,
47,유병목,2000,두산,1500,
0,진필중,2001,두산,18000,3.325
1,정수근,2001,두산,13500,4.854
2,김동주,2001,두산,12500,2.756
3,심재학,2001,두산,11500,6.411
4,조계현,2001,두산,10800,1.213
5,장원진,2001,두산,10200,0.946
6,이광우,2001,두산,9750,0.349
7,김민호,2001,두산,9500,0.532
8,안경현,2001,두산,8000,3.817
9,홍성흔,2001,두산,7500,1.72
10,최훈재,2001,두산,7400,-0.012
11,박명환,2001,두산,6500,2.289
12,이경필,2001,두산,6000,0.192
13,이혜천,2001,두산,5800,2.744
14,최용호,2001,두산,5700,1.104
15,차명주,2001,두산,5700,2.815
16,홍원기,2001,두산,5600,1.542
17,김태형,2001,두산,5100,0.013
18,이상훈,2001,두산,5000,-0.263
19,이도형,2001,두산,4600,0.519
20,한태균,2001,두산,4600,-0.186
21,박보현,2001,두산,4400,0.38
22,이종민,2001,두산,4400,-0.324
23,구자운,2001,두산,4300,0.533
24,김유봉,2001,두산,4200,
25,장성진,2001,두산,3700,0.343
26,김호,2001,두산,3600,-0.056
27,전상열,2001,두산,3500,
28,이용호,2001,두산,3400,
29,전형도,2001,두산,3100,-0.12
30,문희성,2001,두산,2900,-0.035
31,강봉규,2001,두산,2000,0.117
32,강규철,2001,두산,2000,0.079
33,박찬협,2001,두산,2000,0.068
34,정원석,2001,두산,2000,0.033
35,윤상무,2001,두산,2000,
36,송원국,2001,두산,1800,-0.057
37,문상호,2001,두산,1800,
38,표성대,2001,두산,1800,
39,장원영,2001,두산,1800,
40,정진용,2001,두산,1800,1.027
41,김성균,2001,두산,1700,-0.193
42,이경원,2001,두산,1700,
43,오세학,2001,두산,1700,-0.054
0,진필중,2002,두산,23000,1.882
1,정수근,2002,두산,21000,0.677
2,심재학,2002,두산,20000,2.414
3,김동주,2002,두산,16500,6.126
4,장원진,2002,두산,14700,-0.102
5,안경현,2002,두산,13500,3.135
6,홍성흔,2002,두산,12000,4.179
7,차명주,2002,두산,10700,1.125
8,박명환,2002,두산,10000,5.216
9,이혜천,2002,두산,9600,0.773
10,김민호,2002,두산,9000,-0.702
11,홍원기,2002,두산,8600,-0.833
12,최용호,2002,두산,6700,0.125
13,구자운,2002,두산,5700,2.918
14,전상열,2002,두산,5500,
15,강인권,2002,두산,5500,0.309
16,이경필,2002,두산,5500,-0.079
17,이종민,2002,두산,5200,-0.137
18,박보현,2002,두산,4800,0.048
19,김호,2002,두산,4600,0.464
20,이상훈,2002,두산,4600,2.849
21,한태균,2002,두산,4500,
22,김유봉,2002,두산,3800,-0.084
23,장성진,2002,두산,3700,0.018
24,문희성,2002,두산,3200,-0.134
25,정진용,2002,두산,3000,
26,최경환,2002,두산,3000,1.936
27,강봉규,2002,두산,2900,0.584
28,송원국,2002,두산,2800,0.525
29,최경훈,2002,두산,2400,0.117
30,김원섭,2002,두산,2300,
31,유필선,2002,두산,2300,
32,이대현,2002,두산,2200,
33,김상현,2002,두산,2100,
34,윤태수,2002,두산,2000,0.039
35,김태구,2002,두산,2000,
36,오세학,2002,두산,2000,
37,장인규,2002,두산,2000,0.018
38,김덕용,2002,두산,2000,
39,이재우,2002,두산,2000,0.084
40,김성균,2002,두산,2000,-0.024
41,김민성,2002,두산,1900,
42,문상호,2002,두산,1800,
43,장원영,2002,두산,1800,
44,황규택,2002,두산,1800,
0,김동주,2003,두산,22500,5.61
1,안경현,2003,두산,20000,4.98
2,정수근,2003,두산,18000,2.153
3,홍성흔,2003,두산,18000,1.652
4,심재학,2003,두산,17500,0.524
5,박명환,2003,두산,17000,0.937
6,장원진,2003,두산,13700,1.058
7,차명주,2003,두산,10700,0.493
8,구자운,2003,두산,9000,2.365
9,이혜천,2003,두산,9000,0.681
10,이상훈,2003,두산,8800,-0.418
11,홍원기,2003,두산,7600,2.526
12,김민호,2003,두산,7000,-0.469
13,전상열,2003,두산,7000,
14,손혁,2003,두산,6500,1.085
15,김창희,2003,두산,6300,1.096
16,최경환,2003,두산,6000,0.545
17,김호,2003,두산,5800,
18,최용호,2003,두산,5700,
19,강인권,2003,두산,5500,0.889
20,성영재,2003,두산,4700,
21,이종민,2003,두산,4700,
22,이경필,2003,두산,4500,1.22
23,강봉규,2003,두산,4500,0.116
24,한태균,2003,두산,4000,-0.054
25,이재영,2003,두산,4000,1.781
26,곽채진,2003,두산,3600,0.218
27,김유봉,2003,두산,3500,0.051
28,권명철,2003,두산,3500,1.26
29,문희성,2003,두산,3200,0.282
30,정진용,2003,두산,2600,
31,정성훈,2003,두산,2500,1.271
32,홍민구,2003,두산,2300,
33,김경태,2003,두산,2200,-0.003
34,이재우,2003,두산,2100,0.449
35,김원섭,2003,두산,2100,
36,김상현,2003,두산,2000,
37,김성균,2003,두산,2000,
38,고영민,2003,두산,2000,-0.05
39,이민택,2003,두산,2000,-0.046
40,김태구,2003,두산,2000,0.313
41,김학재,2003,두산,2000,
42,이경환,2003,두산,2000,-0.128
43,윤태수,2003,두산,2000,0.108
44,황덕균,2003,두산,1900,
45,최인성,2003,두산,1800,
0,김동주,2004,두산,30000,5.053
1,안경현,2004,두산,20000,3.419
2,홍성흔,2004,두산,16000,6.174
3,박명환,2004,두산,15500,6.53
4,장원진,2004,두산,15000,1.16
5,구자운,2004,두산,11000,1.536
6,홍원기,2004,두산,11000,-0.084
7,차명주,2004,두산,10000,
8,전상열,2004,두산,9000,
9,이혜천,2004,두산,9000,0.196
10,김창희,2004,두산,7500,1.652
11,최경환,2004,두산,7200,1.269
12,이재영,2004,두산,7000,3.286
13,이경필,2004,두산,7000,1.401
14,강인권,2004,두산,6500,0.094
15,권명철,2004,두산,5300,0.286
16,문희성,2004,두산,5000,-0.241
17,박진철,2004,두산,4400,
18,정성훈,2004,두산,4200,2.066
19,강봉규,2004,두산,4000,0.274
20,이재우,2004,두산,3200,1.448
21,김승회,2004,두산,3100,
22,황윤성,2004,두산,3000,-0.103
23,손시헌,2004,두산,2700,0.523
24,나주환,2004,두산,2600,0.47
25,이승준,2004,두산,2500,0.887
26,정원석,2004,두산,2400,-0.305
27,노경은,2004,두산,2400,-0.517
28,고영민,2004,두산,2300,
29,김태구,2004,두산,2300,-0.014
30,윤태수,2004,두산,2200,
31,채상병,2004,두산,2200,0.116
32,이경환,2004,두산,2200,
33,이민택,2004,두산,2200,
34,전병두,2004,두산,2000,-0.001
35,정종수,2004,두산,2000,
36,유재웅,2004,두산,2000,0.653
37,윤상무,2004,두산,2000,0.005
38,백승훈,2004,두산,2000,-0.066
39,황덕균,2004,두산,1900,
40,김만윤,2004,두산,1900,
41,김성배,2004,두산,1800,-0.34
42,정재훈,2004,두산,1800,1.842
0,김동주,2005,두산,32000,3.944
1,홍성흔,2005,두산,28000,2.684
2,박명환,2005,두산,26000,3.606
3,안경현,2005,두산,20000,2.797
4,장원진,2005,두산,15000,1.259
5,전상렬,2005,두산,14000,0.511
6,최경환,2005,두산,11000,1.022
7,홍원기,2005,두산,10000,0.486
8,이혜천,2005,두산,9500,1.349
9,김창희,2005,두산,9000,1.548
10,강인권,2005,두산,7700,0.31
11,손시헌,2005,두산,6000,2.896
12,이재우,2005,두산,5500,4.404
13,임재철,2005,두산,5000,1.872
14,문희성,2005,두산,4700,1.43
15,강봉규,2005,두산,4000,0.322
16,정재훈,2005,두산,3800,2.853
17,이승준,2005,두산,3700,-0.15
18,전병두,2005,두산,3400,
19,나주환,2005,두산,3300,0.451
20,정원석,2005,두산,3000,-0.082
21,황윤성,2005,두산,2800,0.393
22,김승회,2005,두산,2500,0.062
23,노경은,2005,두산,2400,
24,채상병,2005,두산,2300,
25,김재호,2005,두산,2300,0.155
26,이경환,2005,두산,2200,
27,고영민,2005,두산,2100,-0.194
28,김태구,2005,두산,2100,
29,김무학,2005,두산,2000,
30,황규택,2005,두산,2000,
31,윤석민,2005,두산,2000,0.005
32,구자민,2005,두산,2000,
33,홍마태,2005,두산,2000,
34,용덕한,2005,두산,2000,0.125
35,이경민,2005,두산,2000,-0.016
36,정종수,2005,두산,2000,
37,방승재,2005,두산,2000,0.035
38,백승훈,2005,두산,2000,
39,김성배,2005,두산,2000,2.26
40,오세학,2005,두산,2000,
41,장인규,2005,두산,2000,
42,김수훈,2005,두산,2000,
43,송수,2005,두산,2000,
44,이원희,2005,두산,2000,0.639
45,남찬섭,2005,두산,2000,
0,김동주,2006,두산,42000,0.636
1,박명환,2006,두산,37000,3.237
2,홍성흔,2006,두산,32000,3.655
3,안경현,2006,두산,20000,3.539
4,장원진,2006,두산,20000,-0.301
5,전상렬,2006,두산,15000,-0.297
6,손시헌,2006,두산,13000,2.589
7,이혜천,2006,두산,12000,3.372
8,최경환,2006,두산,10500,
9,김창희,2006,두산,10000,
10,정재훈,2006,두산,10000,3.192
11,임재철,2006,두산,9000,1.183
12,문희성,2006,두산,8000,-0.266
13,강인권,2006,두산,7400,-0.028
14,김성배,2006,두산,5500,0.094
15,나주환,2006,두산,5300,0.289
16,강봉규,2006,두산,4400,
17,김명제,2006,두산,4000,0.748
18,황윤성,2006,두산,3900,
19,이승준,2006,두산,3500,
20,윤승균,2006,두산,3400,-0.062
21,이원희,2006,두산,3200,0.071
22,용덕한,2006,두산,3200,0.147
23,장교성,2006,두산,3000,-0.031
24,금민철,2006,두산,3000,0.276
25,정원석,2006,두산,2800,0.571
26,김주호,2006,두산,2800,-0.108
27,조현근,2006,두산,2700,
28,김승회,2006,두산,2500,1.404
29,박정배,2006,두산,2200,-0.162
30,이대현,2006,두산,2100,-0.057
31,고영민,2006,두산,2100,2.26
32,김상현,2006,두산,2100,
33,김무학,2006,두산,2000,
34,황규택,2006,두산,2000,
35,장인규,2006,두산,2000,0.043
36,이호성,2006,두산,2000,0.005
37,김혜겸,2006,두산,2000,
38,이종욱,2006,두산,2000,3.349
39,이윤호,2006,두산,2000,
40,서동환,2006,두산,2000,-0.159
41,윤석민,2006,두산,2000,-0.125
42,오세학,2006,두산,2000,
43,송수,2006,두산,2000,-0.002
0,김동주,2007,두산,42000,7.415
1,홍성흔,2007,두산,31000,1.871
2,안경현,2007,두산,30000,0.963
3,장원진,2007,두산,15000,-0.133
4,정재훈,2007,두산,15000,1.971
5,이혜천,2007,두산,15000,
6,전상렬,2007,두산,15000,-0.117
7,강동우,2007,두산,13500,-0.14
8,정성훈,2007,두산,8400,0.206
9,나주환,2007,두산,6300,
10,이종욱,2007,두산,6000,5.342
11,최준석,2007,두산,5500,1.378
12,김명제,2007,두산,5200,0.948
13,윤재국,2007,두산,5200,0.345
14,김덕윤,2007,두산,4400,-0.15
15,김승회,2007,두산,4200,0.391
16,고영민,2007,두산,4200,4.908
17,안상준,2007,두산,4200,-0.306
18,금민철,2007,두산,3600,0.902
19,유재웅,2007,두산,3200,-0.093
20,신재웅,2007,두산,3000,
21,노경은,2007,두산,3000,0.262
22,정원석,2007,두산,2900,0.176
23,김주호,2007,두산,2700,
24,이원희,2007,두산,2600,0.0
25,민병헌,2007,두산,2500,0.832
26,김진수,2007,두산,2200,-0.33
27,이대현,2007,두산,2100,
28,김상현,2007,두산,2100,
29,서동환,2007,두산,2100,0.033
30,최주환,2007,두산,2000,-0.068
31,정재훈,2007,두산,2000,1.971
32,김무학,2007,두산,2000,
33,이호성,2007,두산,2000,
34,김용성,2007,두산,2000,
35,이윤호,2007,두산,2000,
36,이승엽,2007,두산,2000,
37,윤석민,2007,두산,2000,-0.364
38,원용묵,2007,두산,2000,0.242
39,양의지,2007,두산,2000,-0.023
40,박진원,2007,두산,2000,
41,김현수,2007,두산,2000,1.616
42,김혜겸,2007,두산,2000,0.072
0,김동주,2008,두산,70000,5.177
1,김선우,2008,두산,40000,1.637
2,안경현,2008,두산,30000,0.197
3,정재훈,2008,두산,17500,1.617
4,이혜천,2008,두산,15000,1.111
5,이종욱,2008,두산,13000,4.287
6,이재우,2008,두산,13000,3.863
7,고영민,2008,두산,12000,4.645
8,이승학,2008,두산,12000,0.63
9,이재영,2008,두산,12000,
10,전상렬,2008,두산,10500,-0.252
11,장원진,2008,두산,10000,
12,이대수,2008,두산,9500,1.434
13,최준석,2008,두산,8000,0.195
14,김명제,2008,두산,6200,1.747
15,임태훈,2008,두산,6000,2.828
16,정성훈,2008,두산,6000,
17,민병헌,2008,두산,5200,-0.348
18,금민철,2008,두산,4700,1.424
19,채상병,2008,두산,4600,0.445
20,김현수,2008,두산,4200,7.137
21,김상현,2008,두산,4000,
22,김덕윤,2008,두산,4000,0.046
23,노경은,2008,두산,3700,-0.016
24,정원석,2008,두산,3500,-0.215
25,정재훈,2008,두산,3000,1.617
26,유재웅,2008,두산,2800,0.612
27,김진수,2008,두산,2700,-0.061
28,김재호,2008,두산,2600,1.385
29,오재원,2008,두산,2500,0.229
30,이경환,2008,두산,2200,0.0
31,원용묵,2008,두산,2100,0.026
32,서동환,2008,두산,2100,-0.093
33,김강률,2008,두산,2000,-0.102
34,권영준,2008,두산,2000,
35,최주환,2008,두산,2000,0.144
36,김용성,2008,두산,2000,
37,이윤호,2008,두산,2000,
38,윤석민,2008,두산,2000,
39,윤승균,2008,두산,2000,
40,이경민,2008,두산,2000,
41,박진원,2008,두산,2000,
42,이두환,2008,두산,2000,
43,이용찬,2008,두산,2000,0.528
44,이용호,2008,두산,2000,
45,이원재,2008,두산,2000,0.02
46,이윤학,2008,두산,2000,-0.057
47,이정민,2008,두산,2000,
0,김동주,2009,두산,70000,5.759
1,김선우,2009,두산,32000,2.293
2,이재우,2009,두산,20000,2.098
3,이종욱,2009,두산,17200,1.444
4,정재훈,2009,두산,16000,2.492
5,고영민,2009,두산,16000,1.262
6,손시헌,2009,두산,13000,3.323
7,김현수,2009,두산,12600,6.882
8,임태훈,2009,두산,9000,4.173
9,이대수,2009,두산,8700,0.113
10,이승학,2009,두산,8200,
11,김명제,2009,두산,8200,-0.557
12,김상현,2009,두산,8000,
13,임재철,2009,두산,7600,1.804
14,이원석,2009,두산,6800,2.089
15,채상병,2009,두산,6600,
16,최준석,2009,두산,6200,1.877
17,전상렬,2009,두산,6000,
18,금민철,2009,두산,6000,1.183
19,김재호,2009,두산,4400,0.544
20,유재웅,2009,두산,4400,0.276
21,오재원,2009,두산,4400,-0.78
22,김성배,2009,두산,4300,-0.227
23,최승환,2009,두산,4200,0.407
24,정원석,2009,두산,4200,
25,민병헌,2009,두산,4200,0.197
26,이성열,2009,두산,4200,0.077
27,노경은,2009,두산,3200,0.097
28,용덕한,2009,두산,3000,0.119
29,진야곱,2009,두산,2600,0.481
30,이원재,2009,두산,2500,
31,박민석,2009,두산,2500,-0.153
32,김진수,2009,두산,2500,0.079
33,이용찬,2009,두산,2400,0.923
34,최주환,2009,두산,2200,-0.199
35,박정배,2009,두산,2100,0.279
36,이경환,2009,두산,2100,
37,원용묵,2009,두산,2100,-0.039
38,최재훈,2009,두산,2000,
39,고창성,2009,두산,2000,3.044
40,이석만,2009,두산,2000,
41,박종섭,2009,두산,2000,
42,박진원,2009,두산,2000,
43,윤도경,2009,두산,2000,
44,윤요한,2009,두산,2000,
45,이정민,2009,두산,2000,
46,이두환,2009,두산,2000,
47,홍상삼,2009,두산,2000,1.029
0,김동주,2010,두산,70000,3.207
1,김선우,2010,두산,35000,3.804
2,김현수,2010,두산,25200,5.239
3,이재우,2010,두산,19000,0.358
4,손시헌,2010,두산,18500,2.422
5,임태훈,2010,두산,17000,0.812
6,이종욱,2010,두산,16200,3.377
7,이현승,2010,두산,14000,1.19
8,정재훈,2010,두산,14000,4.398
9,고영민,2010,두산,13500,0.741
10,임재철,2010,두산,11000,1.615
11,이원석,2010,두산,10500,1.517
12,최준석,2010,두산,10500,3.859
13,김상현,2010,두산,10000,
14,김명제,2010,두산,6200,
15,고창성,2010,두산,6000,2.323
16,이용찬,2010,두산,5900,1.187
17,민병헌,2010,두산,5800,0.287
18,최승환,2010,두산,5700,0.048
19,홍상삼,2010,두산,5700,0.189
20,김재호,2010,두산,5400,0.361
21,오재원,2010,두산,5200,1.701
22,유재웅,2010,두산,5000,0.539
23,용덕한,2010,두산,4500,-0.208
24,지승민,2010,두산,4200,-0.06
25,정수빈,2010,두산,4000,1.487
26,이성열,2010,두산,3600,2.842
27,김성배,2010,두산,3500,0.184
28,노경은,2010,두산,3000,-0.143
29,조규수,2010,두산,2900,0.047
30,박정배,2010,두산,2800,-0.08
31,오현택,2010,두산,2700,0.053
32,진야곱,2010,두산,2500,0.0
33,유희관,2010,두산,2500,-0.033
34,성영훈,2010,두산,2500,0.251
35,조승수,2010,두산,2400,-0.141
36,국해성,2010,두산,2400,
37,김진형,2010,두산,2400,
38,박건우,2010,두산,2400,
39,서동환,2010,두산,2400,
40,윤도경,2010,두산,2400,
41,이두환,2010,두산,2400,0.149
42,원용묵,2010,두산,2400,0.073
43,배상현,2010,두산,2400,
44,이원재,2010,두산,2400,-0.205
45,이원희,2010,두산,2400,
46,박종섭,2010,두산,2400,
47,양의지,2010,두산,2400,3.708
0,김동주,2011,두산,70000,3.444
1,김선우,2011,두산,40000,4.629
2,이혜천,2011,두산,35000,0.063
3,김현수,2011,두산,27000,4.199
4,손시헌,2011,두산,20200,2.535
5,정재훈,2011,두산,20200,2.005
6,이종욱,2011,두산,19200,3.566
7,최준석,2011,두산,16200,2.314
8,임태훈,2011,두산,15500,0.317
9,이재우,2011,두산,15000,
10,이현승,2011,두산,11500,0.687
11,고창성,2011,두산,9700,0.607
12,고영민,2011,두산,9500,0.198
13,이원석,2011,두산,9400,0.543
14,임재철,2011,두산,9200,0.944
15,이성열,2011,두산,8500,0.793
16,오재원,2011,두산,8500,3.546
17,양의지,2011,두산,7200,3.493
18,김상현,2011,두산,7000,
19,홍상삼,2011,두산,6300,-0.329
20,이용찬,2011,두산,5900,2.224
21,김승회,2011,두산,5300,0.528
22,김재호,2011,두산,5200,-0.315
23,정수빈,2011,두산,5200,2.651
24,최승환,2011,두산,5100,-0.182
25,유재웅,2011,두산,4800,0.003
26,용덕한,2011,두산,4000,-0.341
27,김성배,2011,두산,3500,0.202
28,조승수,2011,두산,3000,-0.044
29,노경은,2011,두산,2900,0.688
30,이재학,2011,두산,2800,
31,박정배,2011,두산,2800,-0.094
32,조규수,2011,두산,2800,
33,이두환,2011,두산,2600,
34,김창훈,2011,두산,2600,-0.096
35,정대현,2011,두산,2500,-0.043
36,진야곱,2011,두산,2400,
37,김동길,2011,두산,2400,0.016
38,이원재,2011,두산,2400,
39,김강률,2011,두산,2400,0.405
40,국해성,2011,두산,2400,
41,김재환,2011,두산,2400,-0.275
42,윤도경,2011,두산,2400,
43,김준호,2011,두산,2400,
44,김진형,2011,두산,2400,
45,장민익,2011,두산,2400,0.043
46,서동환,2011,두산,2400,0.186
47,윤석민,2011,두산,2400,1.191
48,황필선,2011,두산,0,
0,김동주,2012,두산,70000,1.248
1,김선우,2012,두산,55000,1.381
2,정재훈,2012,두산,35000,-0.042
3,김현수,2012,두산,30000,2.761
4,이혜천,2012,두산,25000,-0.239
5,이종욱,2012,두산,20500,1.135
6,손시헌,2012,두산,19700,1.2
7,최준석,2012,두산,17000,0.512
8,임재철,2012,두산,15000,0.131
9,오재원,2012,두산,14500,1.335
10,양의지,2012,두산,12500,3.429
11,이재우,2012,두산,11000,0.093
12,이용찬,2012,두산,10200,4.068
13,임태훈,2012,두산,10000,0.06
14,정수빈,2012,두산,9000,0.661
15,고창성,2012,두산,8500,-0.327
16,이원석,2012,두산,8400,2.056
17,고영민,2012,두산,8000,1.247
18,김상현,2012,두산,8000,
19,이성열,2012,두산,7200,
20,김승회,2012,두산,6500,1.43
21,김재호,2012,두산,5700,0.104
22,노경은,2012,두산,5500,4.162
23,홍상삼,2012,두산,5000,2.831
24,용덕한,2012,두산,4500,
25,윤석민,2012,두산,4100,2.292
26,김강률,2012,두산,3300,0.674
27,김창훈,2012,두산,3100,0.545
28,서동환,2012,두산,2800,-0.105
29,조승수,2012,두산,2700,
30,안규영,2012,두산,2600,0.182
31,오장훈,2012,두산,2600,-0.212
32,박민석,2012,두산,2600,
33,정진호,2012,두산,2600,-0.045
34,김재환,2012,두산,2600,-0.086
35,최재훈,2012,두산,2500,0.134
36,최주환,2012,두산,2500,1.334
37,허경민,2012,두산,2500,0.373
38,정대현,2012,두산,2500,-0.04
39,오성민,2012,두산,2500,
40,양현,2012,두산,2500,
41,김동길,2012,두산,2400,
42,국해성,2012,두산,2400,-0.128
43,이원재,2012,두산,2400,-0.071
44,천상웅,2012,두산,2400,
45,이정호,2012,두산,2400,
46,이현호,2012,두산,2400,0.062
47,김동한,2012,두산,2400,0.112
48,진야곱,2012,두산,2400,
0,김동주,2013,두산,70000,0.388
1,김선우,2013,두산,50000,0.168
2,홍성흔,2013,두산,40000,2.6
3,정재훈,2013,두산,35000,1.243
4,김현수,2013,두산,31000,3.403
5,이혜천,2013,두산,20000,-0.202
6,이종욱,2013,두산,19700,3.923
7,손시헌,2013,두산,18000,1.0
8,이용찬,2013,두산,17700,0.073
9,노경은,2013,두산,16000,3.319
10,양의지,2013,두산,15500,2.179
11,임재철,2013,두산,15000,0.91
12,최준석,2013,두산,14500,1.132
13,오재원,2013,두산,12500,2.886
14,홍상삼,2013,두산,11500,1.902
15,이원석,2013,두산,10000,2.81
16,정수빈,2013,두산,10000,1.38
17,임태훈,2013,두산,9000,-0.212
18,이재우,2013,두산,8500,0.544
19,윤석민,2013,두산,7700,0.592
20,고영민,2013,두산,7500,0.221
21,김재호,2013,두산,7000,1.997
22,김상현,2013,두산,6800,
23,민병헌,2013,두산,5200,3.782
24,최주환,2013,두산,5000,0.711
25,김강률,2013,두산,5000,0.255
26,오재일,2013,두산,5000,1.015
27,변진수,2013,두산,4500,0.352
28,허경민,2013,두산,4100,1.821
29,김창훈,2013,두산,4000,-0.025
30,최재훈,2013,두산,3500,0.759
31,정대현,2013,두산,3400,-0.351
32,서동환,2013,두산,3000,0.146
33,오현택,2013,두산,3000,2.114
34,성영훈,2013,두산,2800,
35,안규영,2013,두산,2800,-0.348
36,김재환,2013,두산,2700,
37,오장훈,2013,두산,2600,
38,김명성,2013,두산,2600,0.183
39,박민석,2013,두산,2600,
40,원용묵,2013,두산,2600,-0.025
41,유희관,2013,두산,2600,3.479
42,오현근,2013,두산,2500,-0.02
43,오성민,2013,두산,2500,
44,김동한,2013,두산,2500,0.501
45,박건우,2013,두산,2500,-0.07
46,박세혁,2013,두산,2500,0.148
47,양현,2013,두산,2500,
48,윤명준,2013,두산,2400,1.425
49,백진우,2013,두산,2400,
50,강동연,2013,두산,2400,0.041
51,김응민,2013,두산,2400,
52,김동길,2013,두산,2400,
53,국해성,2013,두산,2400,
54,이정호,2013,두산,2400,-0.513
0,김현수,2014,두산,45000,3.987
1,홍성흔,2014,두산,40000,3.315
2,니퍼트,2014,두산,38700,5.017
3,정재훈,2014,두산,35000,1.059
4,노경은,2014,두산,28000,-0.879
5,양의지,2014,두산,20000,2.738
6,오재원,2014,두산,17000,3.562
7,홍상삼,2014,두산,16000,-0.25
8,이원석,2014,두산,15000,0.326
9,이용찬,2014,두산,14500,1.676
10,민병헌,2014,두산,14500,4.541
11,정수빈,2014,두산,13700,3.647
12,이재우,2014,두산,12500,0.481
13,장민석,2014,두산,12500,-0.365
14,김재호,2014,두산,11700,0.98
15,핸킨스,2014,두산,11200,
16,이현승,2014,두산,11000,1.221
17,유희관,2014,두산,10000,3.281
18,허경민,2014,두산,8000,0.31
19,오현택,2014,두산,8000,1.583
20,고영민,2014,두산,7500,0.267
21,임태훈,2014,두산,7500,-0.057
22,오재일,2014,두산,7300,0.189
23,김수완,2014,두산,7000,-0.088
24,변진수,2014,두산,6500,0.525
25,김강률,2014,두산,6000,-0.186
26,최주환,2014,두산,5800,0.773
27,윤명준,2014,두산,5700,1.068
28,최재훈,2014,두산,5000,0.022
29,허준혁,2014,두산,4700,-0.151
30,최영진,2014,두산,3500,-0.111
31,김명성,2014,두산,3100,0.118
32,박건우,2014,두산,3100,-0.162
33,안규영,2014,두산,3000,
34,박세혁,2014,두산,3000,
35,김강,2014,두산,3000,
36,양종민,2014,두산,2900,-0.077
37,이정호,2014,두산,2900,0.026
38,김인태,2014,두산,2800,
39,여정호,2014,두산,2800,
40,장민익,2014,두산,2700,0.156
41,정대현,2014,두산,2700,-0.134
42,김재환,2014,두산,2700,0.751
43,오장훈,2014,두산,2700,-0.113
44,유창준,2014,두산,2600,-0.05
45,박민석,2014,두산,2600,
46,오현근,2014,두산,2600,
47,함덕주,2014,두산,2500,0.516
48,김진형,2014,두산,2500,-0.12
49,윤도경,2014,두산,2500,
50,국해성,2014,두산,2500,
51,양현,2014,두산,2500,
52,최현진,2014,두산,2500,
53,한주성,2014,두산,2400,
54,김경호,2014,두산,2400,
55,최병욱,2014,두산,2400,-0.02
56,최형록,2014,두산,2400,
57,김응민,2014,두산,2400,0.029
58,문진제,2014,두산,2400,
59,전용훈,2014,두산,2400,
60,장승현,2014,두산,2400,
61,송주영,2014,두산,2400,
62,이성곤,2014,두산,2400,0.029
63,성영훈,2014,두산,2400,
64,올슨,2014,두산,0,
65,김동주,2014,두산,0,
66,볼스테드,2014,두산,0,0.358
67,칸투,2014,두산,0,2.967
68,백진우,2014,두산,0,
69,김창훈,2014,두산,0,
0,니퍼트,2015,두산,120000,0.862
1,장원준,2015,두산,100000,2.889
2,김현수,2015,두산,75000,6.023
3,김재호,2015,두산,41000,3.604
4,이현승,2015,두산,40000,2.214
5,오재원,2015,두산,40000,2.348
6,홍성흔,2015,두산,40000,0.095
7,유희관,2015,두산,40000,4.397
8,민병헌,2015,두산,35000,3.316
9,정수빈,2015,두산,28000,1.604
10,양의지,2015,두산,20000,5.879
11,노경은,2015,두산,20000,0.583
12,허경민,2015,두산,20000,3.818
13,정재훈,2015,두산,15000,
14,고영민,2015,두산,15000,0.621
15,윤명준,2015,두산,11500,1.277
16,최주환,2015,두산,11000,0.877
17,오현택,2015,두산,11000,0.498
18,함덕주,2015,두산,10000,1.351
19,오재일,2015,두산,9500,0.953
20,허준혁,2015,두산,7500,0.799
21,변진수,2015,두산,7300,-0.07
22,박건우,2015,두산,7000,1.343
23,이현호,2015,두산,6800,1.773
24,최재훈,2015,두산,6800,-0.709
25,김강률,2015,두산,6200,0.472
26,진야곱,2015,두산,6000,-1.302
27,정진호,2015,두산,5200,-0.255
28,김재환,2015,두산,5000,0.589
29,임진우,2015,두산,3700,
30,박진우,2015,두산,3200,
31,김명성,2015,두산,3200,-0.126
32,김동한,2015,두산,3200,
33,유민상,2015,두산,3200,-0.055
34,최병욱,2015,두산,3000,
35,김진형,2015,두산,3000,-0.086
36,류지혁,2015,두산,3000,0.142
37,김강,2015,두산,3000,
38,국해성,2015,두산,3000,0.096
39,최영진,2015,두산,3000,-0.025
40,조승수,2015,두산,2900,-0.009
41,오장훈,2015,두산,2900,0.043
42,장민익,2015,두산,2800,-0.485
43,이원재,2015,두산,2800,-0.369
44,양종민,2015,두산,2800,-0.036
45,강동연,2015,두산,2800,
46,채지선,2015,두산,2700,
47,남경호,2015,두산,2700,-0.004
48,한주성,2015,두산,2700,
49,정진철,2015,두산,2700,
50,박성민,2015,두산,2700,
51,전용훈,2015,두산,2700,
52,박종기,2015,두산,2700,-0.055
53,장승현,2015,두산,2700,
54,성영훈,2015,두산,2700,
55,이용호,2015,두산,2700,-0.12
56,문진제,2015,두산,2700,
57,김수완,2015,두산,0,-0.131
58,로메로,2015,두산,0,0.471
59,루츠,2015,두산,0,-0.256
60,마야,2015,두산,0,-0.913
61,유창준,2015,두산,0,
62,임태훈,2015,두산,0,
63,스와잭,2015,두산,0,0.871
64,이정호,2015,두산,0,
65,홍재용,2015,두산,0,
0,니퍼트,2016,두산,120000,5.969
1,장원준,2016,두산,100000,5.669
2,보우덴,2016,두산,65000,4.776
3,에반스,2016,두산,55000,3.56
4,오재원,2016,두산,55000,1.762
5,양의지,2016,두산,42000,4.874
6,김재호,2016,두산,41000,4.409
7,이현승,2016,두산,40000,0.236
8,유희관,2016,두산,40000,4.135
9,민병헌,2016,두산,35000,4.038
10,정수빈,2016,두산,28000,0.541
11,홍상삼,2016,두산,22000,0.142
12,허경민,2016,두산,20000,1.27
13,김성배,2016,두산,18000,
14,이원석,2016,두산,15000,0.311
15,이용찬,2016,두산,14500,0.256
16,윤명준,2016,두산,11500,1.205
17,오현택,2016,두산,11000,0.042
18,최주환,2016,두산,11000,0.077
19,함덕주,2016,두산,10000,0.029
20,오재일,2016,두산,9500,3.991
21,허준혁,2016,두산,7500,0.327
22,이흥련,2016,두산,7500,
23,변진수,2016,두산,7300,
24,박건우,2016,두산,7000,4.709
25,최재훈,2016,두산,6800,-0.082
26,이현호,2016,두산,6800,-0.11
27,고원준,2016,두산,6800,
28,김강률,2016,두산,6200,0.179
29,정진호,2016,두산,5200,0.234
30,김재환,2016,두산,5000,5.365
31,임진우,2016,두산,3700,
32,최영진,2016,두산,3000,
33,류지혁,2016,두산,3000,1.218
34,박세혁,2016,두산,3000,0.114
35,김진형,2016,두산,3000,
36,국해성,2016,두산,3000,0.543
37,안규영,2016,두산,3000,-0.017
38,남경호,2016,두산,3000,
39,최병욱,2016,두산,3000,
40,조승수,2016,두산,2900,-0.174
41,장민익,2016,두산,2800,
42,이원재,2016,두산,2800,
43,이우성,2016,두산,2800,-0.06
44,강동연,2016,두산,2800,-0.095
45,김인태,2016,두산,2800,-0.272
46,황경태,2016,두산,2700,
47,채지선,2016,두산,2700,
48,한주성,2016,두산,2700,
49,최용제,2016,두산,2700,-0.07
50,홍성호,2016,두산,2700,
51,조수행,2016,두산,2700,-0.215
52,홍영현,2016,두산,2700,-0.066
53,정진철,2016,두산,2700,-0.017
54,고봉재,2016,두산,2700,-0.02
55,정덕현,2016,두산,2700,
56,신창희,2016,두산,2700,
57,성영훈,2016,두산,2700,
58,서예일,2016,두산,2700,-0.117
59,이영하,2016,두산,2700,
60,양구렬,2016,두산,2700,
61,이용호,2016,두산,2700,0.017
62,문진제,2016,두산,2700,
63,이찬기,2016,두산,2700,
64,전용훈,2016,두산,2700,
65,장승현,2016,두산,2700,
66,이동원,2016,두산,2700,
67,오석,2016,두산,0,
68,홍성흔,2016,두산,0,-0.153
69,오장훈,2016,두산,0,
70,정재훈,2016,두산,0,1.624
71,고영민,2016,두산,0,0.05
72,진야곱,2016,두산,0,0.492
73,김강,2016,두산,0,
74,노유성,2016,두산,0,
75,박성민,2016,두산,0,0.032
76,김명성,2016,두산,0,
0,니퍼트,2017,두산,210000,3.444
1,장원준,2017,두산,100000,5.406
2,김재호,2017,두산,65000,2.739
3,오재원,2017,두산,55000,0.314
4,민병헌,2017,두산,55000,2.952
5,유희관,2017,두산,50000,2.327
6,양의지,2017,두산,48000,3.162
7,이현승,2017,두산,40000,1.453
8,허경민,2017,두산,30000,0.622
9,김재환,2017,두산,20000,7.369
10,오재일,2017,두산,19800,3.886
11,박건우,2017,두산,19500,6.805
12,이용찬,2017,두산,18000,1.229
13,홍상삼,2017,두산,12500,-0.377
14,최주환,2017,두산,10000,2.854
15,김승회,2017,두산,10000,0.894
16,오현택,2017,두산,8000,
17,함덕주,2017,두산,7000,3.221
18,김강률,2017,두산,6200,2.328
19,이현호,2017,두산,6000,-0.372
20,박세혁,2017,두산,6000,1.232
21,류지혁,2017,두산,5700,0.237
22,신성현,2017,두산,5700,
23,국해성,2017,두산,5000,-0.182
24,정진호,2017,두산,4700,0.233
25,고봉재,2017,두산,4400,0.041
26,조수행,2017,두산,3600,0.491
27,임진우,2017,두산,3200,-0.099
28,김인태,2017,두산,3000,-0.148
29,최병욱,2017,두산,2900,
30,이성곤,2017,두산,2800,-0.033
31,남경호,2017,두산,2800,
32,이우성,2017,두산,2800,-0.052
33,이원재,2017,두산,2700,
34,황경태,2017,두산,2700,0.001
35,전태준,2017,두산,2700,
36,지윤,2017,두산,2700,
37,전용훈,2017,두산,2700,0.028
38,정기훈,2017,두산,2700,
39,장민익,2017,두산,2700,0.094
40,한주성,2017,두산,2700,
41,최동현,2017,두산,2700,
42,박치국,2017,두산,2700,-0.197
43,박성환,2017,두산,2700,
44,문진제,2017,두산,2700,
45,방건우,2017,두산,2700,
46,문대원,2017,두산,2700,
47,백민규,2017,두산,2700,
48,박유연,2017,두산,2700,0.01
49,김명신,2017,두산,2700,0.776
50,성영훈,2017,두산,2700,0.052
51,이동원,2017,두산,2700,
52,이병휘,2017,두산,2700,
53,이영하,2017,두산,2700,0.239
54,김민혁,2017,두산,0,-0.184
55,최현진,2017,두산,0,
56,홍영현,2017,두산,0,
57,김성배,2017,두산,0,0.476
58,박찬범,2017,두산,0,
59,이찬기,2017,두산,0,
60,에반스,2017,두산,0,3.43
61,안규영,2017,두산,0,-0.207
62,보우덴,2017,두산,0,1.17
63,정인석,2017,두산,0,
64,정진철,2017,두산,0,
65,이용호,2017,두산,0,-0.037
66,조승수,2017,두산,0,0.0
67,고원준,2017,두산,0,-0.378
0,린드블럼,2018,두산,135000,6.813
1,장원준,2018,두산,100000,-2.191
2,후랭코프,2018,두산,70000,4.118
3,김재호,2018,두산,65000,3.568
4,양의지,2018,두산,60000,6.643
5,오재원,2018,두산,55000,3.335
6,유희관,2018,두산,50000,-0.527
7,김재환,2018,두산,47000,6.246
8,이현승,2018,두산,40000,0.349
9,박건우,2018,두산,37000,3.399
10,오재일,2018,두산,30000,3.203
11,허경민,2018,두산,26500,4.054
12,이용찬,2018,두산,23500,3.913
13,최주환,2018,두산,20000,4.507
14,함덕주,2018,두산,16000,2.948
15,김강률,2018,두산,15000,1.04
16,박세혁,2018,두산,10000,1.322
17,김승회,2018,두산,10000,1.215
18,류지혁,2018,두산,9500,0.865
19,홍상삼,2018,두산,9000,0.246
20,정진호,2018,두산,8500,0.602
21,변진수,2018,두산,6000,-0.239
22,신성현,2018,두산,5700,-0.251
23,이현호,2018,두산,5200,0.269
24,김명신,2018,두산,5200,
25,국해성,2018,두산,5000,0.167
26,조수행,2018,두산,4500,-0.022
27,이영하,2018,두산,4200,1.316
28,최대성,2018,두산,3500,-0.438
29,김정후,2018,두산,3500,0.355
30,박치국,2018,두산,3400,1.72
31,고봉재,2018,두산,3300,
32,유재유,2018,두산,3200,-0.022
33,김도현,2018,두산,3200,
34,김인태,2018,두산,3200,0.011
35,김민혁,2018,두산,3000,0.005
36,백동훈,2018,두산,3000,0.037
37,양종민,2018,두산,2900,-0.031
38,황경태,2018,두산,2800,-0.21
39,이우성,2018,두산,2800,
40,장승현,2018,두산,2800,0.091
41,박유연,2018,두산,2800,
42,박종기,2018,두산,2800,
43,박신지,2018,두산,2700,0.61
44,박성모,2018,두산,2700,-0.036
45,문대원,2018,두산,2700,
46,전민재,2018,두산,2700,0.047
47,정우석,2018,두산,2700,
48,정철원,2018,두산,2700,
49,김호준,2018,두산,2700,
50,최동현,2018,두산,2700,
51,신창희,2018,두산,2700,
52,한주성,2018,두산,2700,0.013
53,김민규,2018,두산,2700,-0.072
54,김경호,2018,두산,2700,
55,현도훈,2018,두산,2700,
56,권민석,2018,두산,2700,
57,홍성호,2018,두산,2700,
58,곽빈,2018,두산,2700,-0.362
59,박정준,2018,두산,2700,
60,백민규,2018,두산,2700,
61,이동원,2018,두산,2700,
62,이병휘,2018,두산,2700,-0.014
63,양구렬,2018,두산,2700,
64,안준,2018,두산,2700,
65,이승민,2018,두산,2700,
66,신민철,2018,두산,2700,
67,배창현,2018,두산,2700,
68,송주영,2018,두산,0,
69,양구열,2018,두산,0,
70,성영훈,2018,두산,0,
71,김승후,2018,두산,0,
72,사공엽,2018,두산,0,
73,신현수,2018,두산,0,
74,파레디스,2018,두산,0,-0.739
75,남경호,2018,두산,0,
76,이원재,2018,두산,0,
77,이정담,2018,두산,0,
78,이지모,2018,두산,0,
79,박성환,2018,두산,0,
80,임진우,2018,두산,0,
81,문진제,2018,두산,0,
82,정덕현,2018,두산,0,
83,방건우,2018,두산,0,
84,계정웅,2018,두산,0,
85,반슬라이크,2018,두산,0,-0.454
86,최병욱,2018,두산,0,
0,린드블럼,2019,두산,170000,6.858
1,후랭코프,2019,두산,110000,2.594
2,배영수,2019,두산,10000,0.207
3,허준혁,2019,두산,8500,
4,윤수호,2019,두산,5000,
5,정병곤,2019,두산,4000,0.042
6,최대성,2019,두산,3500,0.0
7,김민혁,2019,두산,3400,
8,유재유,2019,두산,3200,
9,황경태,2019,두산,3100,
10,김도현,2019,두산,3000,
11,전민재,2019,두산,2800,0.021
12,박유연,2019,두산,2800,-0.007
13,이민혁,2019,두산,2700,
14,최지원,2019,두산,2700,
15,윤산흠,2019,두산,2700,
16,이교훈,2019,두산,2700,
0,김재호,2020,두산,65000,2.017
1,김재환,2020,두산,65000,3.756
2,허경민,2020,두산,48000,3.745
3,유희관,2020,두산,47000,0.152
4,오재일,2020,두산,47000,3.361
5,박건우,2020,두산,45000,4.122
6,알칸타라,2020,두산,45000,8.313
7,이용찬,2020,두산,42000,-0.543
8,이현승,2020,두산,40000,0.25
9,페르난데스,2020,두산,40000,4.46
10,정수빈,2020,두산,34000,3.395
11,장원준,2020,두산,30000,-0.383
12,오재원,2020,두산,30000,0.386
13,최주환,2020,두산,27000,3.628
14,이영하,2020,두산,27000,2.018
15,박세혁,2020,두산,23200,1.662
16,윤명준,2020,두산,21000,0.393
17,함덕주,2020,두산,21000,1.337
18,권혁,2020,두산,20000,-0.356
19,김강률,2020,두산,15000,-0.16
20,이형범,2020,두산,14200,-0.389
21,류지혁,2020,두산,10500,
22,김승회,2020,두산,10000,
23,박치국,2020,두산,8000,1.458
24,이흥련,2020,두산,7000,
25,최원준,2020,두산,5900,3.079
26,김인태,2020,두산,5000,0.448
27,신성현,2020,두산,4800,0.086
28,국해성,2020,두산,4500,-0.505
29,백동훈,2020,두산,3600,0.075
30,장승현,2020,두산,3500,0.097
31,서예일,2020,두산,3200,0.028
32,박신지,2020,두산,3100,-0.144
33,김민규,2020,두산,2900,0.643
34,박종기,2020,두산,2900,0.191
35,김경호,2020,두산,2900,
36,송승환,2020,두산,2800,
37,채지선,2020,두산,2800,0.459
38,최용제,2020,두산,2800,0.196
39,김태근,2020,두산,2800,
40,김대한,2020,두산,2800,
41,최종인,2020,두산,2700,
42,이승민,2020,두산,2700,-0.017
43,정현욱,2020,두산,2700,
44,최지원,2020,두산,2700,
45,전창민,2020,두산,2700,
46,조제영,2020,두산,2700,-0.214
47,최세창,2020,두산,2700,0.02
48,김호준,2020,두산,2700,
49,김성민,2020,두산,2700,
50,오명진,2020,두산,2700,-0.1
51,박웅,2020,두산,2700,
52,윤산흠,2020,두산,2700,
53,백민규,2020,두산,2700,
54,권민석,2020,두산,2700,-0.483
55,이주엽,2020,두산,2700,-0.009
56,박지훈,2020,두산,2700,-0.027
57,장규빈,2020,두산,2700,
58,안권수,2020,두산,2700,-0.335
59,이동원,2020,두산,2700,0.0
60,양찬열,2020,두산,0,0.128
61,플렉센,2020,두산,0,3.506
62,추종민,2020,두산,0,
63,신민철,2020,두산,0,
64,한주성,2020,두산,0,
65,안준,2020,두산,0,
66,전용훈,2020,두산,0,
67,전태준,2020,두산,0,
68,전형근,2020,두산,0,
69,구장익,2020,두산,0,
70,권기영,2020,두산,0,
71,지원근,2020,두산,0,
72,진재혁,2020,두산,0,
73,배창현,2020,두산,0,0.014
74,제환유,2020,두산,0,
0,김재환,2021,두산,65000,3.823
1,김재호,2021,두산,65000,0.116
2,미란다,2021,두산,55000,7.086
3,로켓,2021,두산,49300,4.096
4,허경민,2021,두산,48000,1.349
5,박건우,2021,두산,45000,4.509
6,페르난데스,2021,두산,40000,2.88
7,이현승,2021,두산,40000,0.974
8,정수빈,2021,두산,34000,1.425
9,유희관,2021,두산,30000,-1.485
10,오재원,2021,두산,30000,-0.548
11,장원준,2021,두산,30000,-0.253
12,이영하,2021,두산,27000,-0.28
13,박세혁,2021,두산,23200,0.334
14,양석환,2021,두산,21000,3.045
15,윤명준,2021,두산,21000,0.171
16,김강률,2021,두산,15000,2.492
17,이형범,2021,두산,14200,-0.04
18,박치국,2021,두산,8000,0.338
19,최원준,2021,두산,5900,4.133
20,김민규,2021,두산,5500,-0.228
21,박계범,2021,두산,5500,1.843
22,홍건희,2021,두산,5300,2.915
23,김명신,2021,두산,5200,0.574
24,국해성,2021,두산,5000,-0.091
25,김인태,2021,두산,5000,2.626
26,강승호,2021,두산,5000,1.165
27,신성현,2021,두산,4800,-0.181
28,이승진,2021,두산,4700,0.728
29,조수행,2021,두산,4500,1.471
30,백동훈,2021,두산,3600,-0.1
31,장승현,2021,두산,3500,0.718
32,곽빈,2021,두산,3500,1.336
33,김민혁,2021,두산,3400,-0.073
34,고봉재,2021,두산,3300,-0.12
35,서예일,2021,두산,3200,-0.057
36,이주엽,2021,두산,3100,
37,조제영,2021,두산,3100,-0.377
38,황경태,2021,두산,3100,-0.014
39,박지훈,2021,두산,3100,0.084
40,장규빈,2021,두산,3000,
41,이민혁,2021,두산,3000,
42,임태윤,2021,두산,3000,
43,이상연,2021,두산,3000,
44,정우석,2021,두산,3000,
45,최승용,2021,두산,3000,0.108
46,지윤,2021,두산,3000,
47,장빈,2021,두산,3000,
48,최종인,2021,두산,3000,
49,강원진,2021,두산,3000,
50,백민규,2021,두산,3000,
51,박성재,2021,두산,3000,0.004
52,박성모,2021,두산,3000,
53,김주완,2021,두산,3000,
54,김도경,2021,두산,3000,
55,김동주,2021,두산,3000,
56,김도윤,2021,두산,3000,0.04
57,강현구,2021,두산,3000,
58,백종수,2021,두산,3000,
59,신창희,2021,두산,3000,
60,오세훈,2021,두산,3000,
61,안재석,2021,두산,3000,0.295
62,안찬호,2021,두산,3000,
63,양현진,2021,두산,3000,
64,박종기,2021,두산,2900,-0.227
65,최용제,2021,두산,2800,0.464
66,권휘,2021,두산,2700,0.595
67,박웅,2021,두산,2700,0.045
68,이동원,2021,두산,2700,
69,권민석,2021,두산,2700,-0.052
70,김문수,2021,두산,2700,
71,최세창,2021,두산,2700,0.055
72,오명진,2021,두산,2700,-0.14
73,남호,2021,두산,2700,-0.114
74,문대원,2021,두산,2700,0.0
75,안권수,2021,두산,2700,-0.053
76,이교훈,2021,두산,2700,-0.21
